{
  "openai": {
    "bleu": {
      "bleu": 0.1556785995248076,
      "precisions": [
        0.6353118712273642,
        0.26495972382048333,
        0.10954301075268817,
        0.047253634894991924
      ],
      "brevity_penalty": 0.906112734834199,
      "length_ratio": 0.9102564102564102,
      "translation_length": 3976,
      "reference_length": 4368
    },
    "rouge": {
      "rouge1": 0.22977867836757349,
      "rouge2": 0.05729266479390245,
      "rougeL": 0.2078577122244663,
      "rougeLsum": 0.20801227174299508
    }
  },
  "anthropic": {
    "bleu": {
      "bleu": 0.11031329938201173,
      "precisions": [
        0.5634661441323754,
        0.18617151233813828,
        0.05900361814639577,
        0.02392499191723246
      ],
      "brevity_penalty": 1.0,
      "length_ratio": 1.051510989010989,
      "translation_length": 4593,
      "reference_length": 4368
    },
    "rouge": {
      "rouge1": 0.2166939536615996,
      "rouge2": 0.048045365697330714,
      "rougeL": 0.19120410816217848,
      "rougeLsum": 0.19158693478539052
    }
  },
  "gemini": {
    "bleu": {
      "bleu": 0.19136784098724718,
      "precisions": [
        0.6679087098276665,
        0.2986294148655772,
        0.12902246508803886,
        0.05583392984967788
      ],
      "brevity_penalty": 0.9829142959428275,
      "length_ratio": 0.983058608058608,
      "translation_length": 4294,
      "reference_length": 4368
    },
    "rouge": {
      "rouge1": 0.26174929024194454,
      "rouge2": 0.0653844810752193,
      "rougeL": 0.2375951805617727,
      "rougeLsum": 0.23771622769917178
    }
  }
}