{
  "openai": {
    "mrr": 0.26359436565942657,
    "r@1": 0.16,
    "r@5": 0.358,
    "r@10": 0.508,
    "mean_rank": 25.818,
    "count": 500
  },
  "anthropic": {
    "mrr": 0.44213884194359265,
    "r@1": 0.33,
    "r@5": 0.578,
    "r@10": 0.69,
    "mean_rank": 12.938,
    "count": 500
  },
  "gemini": {
    "mrr": 0.4404317254229415,
    "r@1": 0.304,
    "r@5": 0.59,
    "r@10": 0.708,
    "mean_rank": 10.462,
    "count": 500
  }
}